"NBa7we src","d4r55","RfnDt","eaLgGf","hCCjke","rsqaWe","wiI7pd","dSlJg","znYl0","dSlJg 2","znYl0 2"
"https://lh3.googleusercontent.com/a-/ALV-UjVO3sNC4YSUBw9euC7_yrgZINTzZLogdY1n8-hFTnU0q7uI=w45-h45-p-rp-mo-ba7-br100","sumit Saurabh","Local Guide · 313 reviews · 12,518 photos","","","a year ago","Great infrastructure, good campus , brilliant students.

Very upto date , faculties are great , exposure is brilliant.","","Like","","Share"
"https://lh3.googleusercontent.com/a-/ALV-UjW3I1jAsx30QosrrR1dW7u_D1iDCHTf7lM5RleeCuwZBzM=w45-h45-p-rp-mo-ba4-br100","Suraj Choudhary","Local Guide · 51 reviews · 300 photos","","","9 months ago","Had an amazing experience visiting this place! The ambiance was just so good ❤️","","Like","","Share"
"https://lh3.googleusercontent.com/a-/ALV-UjWEfVYOurfiyQaS9xYLC-OV-gr8X1Jsh63RE0noNctmVTc=w45-h45-p-rp-mo-ba4-br100","Arvind yadav","Local Guide · 69 reviews · 242 photos","","","6 years ago","U can the watch the movie , the inox theatre is available.
Rest it's commerical .opposite to ghatkopar station and metro ghatkopar station .so if travelling by metro or rail it's good option. Downside tasty street foods r available.","","Like","","Share"
"https://lh3.googleusercontent.com/a-/ALV-UjW6psPQvnRVE2D4Xge2rri4G-Q9WTBUBvt-w391kQZBWT0=w45-h45-p-rp-mo-ba3-br100","Christina D'Silva","Local Guide · 6 reviews · 80 photos","","","a year ago","Good institute for fashion design studies. Interior, graphic, fashion, animation.etc But the fees are wayy too high","","","","Share"
"https://lh3.googleusercontent.com/a-/ALV-UjWVfkXD8Tu_WIVyvOxgQecYTY4g8GLOW-nY-CpzbqyCuAY=w45-h45-p-rp-mo-br100","Tanvi Goel","4 reviews · 8 photos","","","a year ago","Studying designing here and its awsm staff is very polite and helpful..amazing institute better then any other institutions ✌️✨","","Like","","Share"
"https://lh3.googleusercontent.com/a-/ALV-UjVSRMhC6gKpDSSrxiqisVeLEHjX8LRd3Itl9OSdKCM4ow=w45-h45-p-rp-mo-br100","Hanzalah Ansari","379 reviews","","","3 years ago","Nice location in andheri Amboli signal and in between Jogeshwari and andheri station","","Like","","Share"
"https://lh3.googleusercontent.com/a-/ALV-UjVlhlFTKYw_78m-0X2cMYq3LXUcaLKitqNuDj4dZnJJY2QU=w45-h45-p-rp-mo-br100","GAURAV GHADIGAONKAR","3 reviews","","","a year ago","Poor management, Don’t even provide marksheets","","Like","","Share"
"https://lh3.googleusercontent.com/a-/ALV-UjWYL1duoswZtp7gjxsoe9Q_AmN4_lad3tXoXuCGbyNXUw=w45-h45-p-rp-mo-ba4-br100","Chinmay Chavan","Local Guide · 25 reviews · 138 photos","","","4 years ago","ITM- IDMA Next level Design and Media Institute..","","","","Share"
"","","","","","","","","","",""
"","","","","","","","","","",""
"","","","","","","","","","",""
"https://lh3.googleusercontent.com/a-/ALV-UjWMoxO6McONxe5feXj70Ip-E3jwf4hW4XraOxr1HBkp4t3z=w45-h45-p-rp-mo-ba3-br100","AUSTIN Pinto","Local Guide · 56 reviews · 11 photos","","","5 years ago","nice place free wifi available","","Like","","Share"
"https://lh3.googleusercontent.com/a-/ALV-UjUQiOkUKOO_HyC1RJ462Q-4-5HYR8Ppan4UuboErns8Rfw=w45-h45-p-rp-mo-ba3-br100","Vivek Mishra","Local Guide · 38 reviews · 3 photos","","","5 years ago","Parking issue. Ambience is goox","","Like","","Share"
"https://lh3.googleusercontent.com/a-/ALV-UjXYR2tKAyP--gfk2LRWGw967us3xqJLhhejKfsWPpiGt_o=w45-h45-p-rp-mo-ba3-br100","Sumer Bhawar","Local Guide · 46 reviews · 1 photo","","","5 years ago","Major banks located here","","Like","","Share"
"https://lh3.googleusercontent.com/a/ACg8ocJctbQwW9gbGwYAs4C0M-Y82jPBw_gaWyynJ5o-ZjKu=w45-h45-p-rp-mo-br100","dayanand malik","52 reviews","","","5 years ago","No suvudha at all","","Like","","Share"
"https://lh3.googleusercontent.com/a-/ALV-UjVAg1OuOzgYDOSNO2zQ_HA5OiOnuWUkqd9FuQTu7ooBxyU=w45-h45-p-rp-mo-br100","DHIRAJ SATRA","18 reviews · 11 photos","","","5 years ago","Landmark for any business","","Like","","Share"
"https://lh3.googleusercontent.com/a-/ALV-UjWUjvVWs77PObowCoJVCHBDebEhk-PWLdFDN9oZZhqMwrTq=w45-h45-p-rp-mo-ba4-br100","Jatin Karkera","Local Guide · 95 reviews · 68 photos","","","5 years ago","Big business location","","Like","","Share"
"https://lh3.googleusercontent.com/a/ACg8ocJ92qNirulxar1ogsihOo5a-fMUKlr117LBo2T5L2De=w45-h45-p-rp-mo-br100","amit tiwari","4 reviews","","","4 years ago","Excellent","","Like","","Share"
"https://lh3.googleusercontent.com/a-/ALV-UjUZ5D6-yqTHH2kR4cWXYSLryHkoygxUG3UqV13rOzsUrQ=w45-h45-p-rp-mo-br100","ronak mistry","13 reviews · 2 photos","","","5 years ago","Lucky bakery","","Like","","Share"
"https://lh3.googleusercontent.com/a-/ALV-UjVM8DtxtkOsiW6EnTfUjUMRQlZzfrh0A4le8vl2JpLvTk_7=w45-h45-p-rp-mo-ba4-br100","Param Chadha","Local Guide · 138 reviews · 253 photos","","","5 years ago","Clean","","Like","","Share"
"https://lh3.googleusercontent.com/a-/ALV-UjXwF8G9kk5XWkw0OXFnEzWINORd3JtjsssZ3o1aVQm7sj0=w45-h45-p-rp-mo-ba4-br100","kannada janapada songs","Local Guide · 71 reviews · 183 photos","","","5 years ago","Nice place","","","","Share"
"https://lh3.googleusercontent.com/a/ACg8ocJtaBZkzAZ5vz3oNZA0uuvqTtLRcyVcGKBdqmnaqM4=w45-h45-p-rp-mo-ba2-br100","Alex Thomas","Local Guide · 8 reviews","","","5 years ago","ok ok...","","","","Share"
"https://lh3.googleusercontent.com/a-/ALV-UjWJq798bM8mWjK283hOU06zdwOAKip1INl4Vhe4IYa6NYGM=w45-h45-p-rp-mo-ba3-br100","mario boss","Local Guide · 9 reviews · 24 photos","","","5 years ago","","","","",""
"https://lh3.googleusercontent.com/a-/ALV-UjVdjzd3OvFkADtBUNfQqtLvL7_nZ1tp1a9w8bamoa2vAsQ=w45-h45-p-rp-mo-br100","Paresh Jobanputra","1 review","","","a year ago","","","","",""
"https://lh3.googleusercontent.com/a/ACg8ocIxVu0284p0WqTR5nl2xaXbV5exUP7HsP0rKKZDwhwy=w45-h45-p-rp-mo-ba3-br100","Deepa Bhandari","Local Guide · 35 reviews · 13 photos","","","5 years ago","","","","",""
"https://lh3.googleusercontent.com/a-/ALV-UjV-fwSZAR6KlKCJbWIuvKuB9PBpRh6z5BM2XE3A41AVXgY=w45-h45-p-rp-mo-ba4-br100","Ajinkya Kadam","Local Guide · 51 reviews · 14 photos","","","4 years ago","","","","",""
"https://lh3.googleusercontent.com/a-/ALV-UjWad7IHV9MIWP3XM0WrpH9V7L-Q9vSFD9H4_e284lULoPIh=w45-h45-p-rp-mo-br100","Manoj Mankar","1 review · 4 photos","","","6 years ago","","","","",""
"https://lh3.googleusercontent.com/a-/ALV-UjUV8cumznA5SQXKy-aAxZuGZ282EWo6IiYtCOdd1QHp-5MH=w45-h45-p-rp-mo-br100","Devendra Prajapati","19 reviews","","","5 years ago","","","","",""
"https://lh3.googleusercontent.com/a-/ALV-UjVxf8vcUHwLQ9KbbAMrFa_5tryP-6pG3w8WLP4LZGgzONs7=w45-h45-p-rp-mo-ba3-br100","Justin Charles","Local Guide · 48 reviews · 3 photos","","","4 years ago","","","","",""
"https://lh3.googleusercontent.com/a-/ALV-UjUrrC7rNNLeHIYA7Jgp4yWCWLzbtwbnBXJ_ru1xfQGNEP8j=w45-h45-p-rp-mo-ba4-br100","Dhanashree Karande","Local Guide · 38 reviews · 79 photos","","","4 years ago","","","","",""
"https://lh3.googleusercontent.com/a/ACg8ocIVKRNCZxj4zBHYEnjqBL7C4P8RijJPksp3faS6KSwc=w45-h45-p-rp-mo-br100","Radhika Mundada","2 reviews","","","4 years ago","","","","",""
"https://lh3.googleusercontent.com/a/ACg8ocK0Y9aqQi24qGr6sCIhodVZwT9arP6kQMRglqTw2Rif=w45-h45-p-rp-mo-br100","Pankit Satra","2 reviews","","","6 years ago","","","","",""
"https://lh3.googleusercontent.com/a-/ALV-UjVkH13mpaU3KJmxWDwkHfqFmmqO03gyQW1bmfvXvWkY9GiF=w45-h45-p-rp-mo-br100","anuja parab","","","","a year ago","","","","",""
"https://lh3.googleusercontent.com/a-/ALV-UjULpQBW7g9PHYg9uPNs4umW9q3YiL054IIzGH5nK4GhA2w=w45-h45-p-rp-mo-br100","Altamash Khan","1 review","","","5 years ago","","","","",""
"https://lh3.googleusercontent.com/a-/ALV-UjU2evC74vG17MV2SANNGX4te5LS3L76-yO-mEaJuI-z7YE=w45-h45-p-rp-mo-ba2-br100","Alex Thomas","Local Guide · 16 reviews · 3 photos","","","5 years ago","","","","",""
"https://lh3.googleusercontent.com/a/ACg8ocIV1QQvNf2ut2bB-Ake8qp4tZfWBy_6YWKe3TM5PkQg=w45-h45-p-rp-mo-br100","Sameer Shaikh","","","","5 years ago","","","","",""
"https://lh3.googleusercontent.com/a/ACg8ocLsfsaX2Bg75Tb8CrD8NQG52Pcsy0yZqm9lBCB94eGrbw=w45-h45-p-rp-mo-ba2-br100","Rakesh Dubey","Local Guide · 4 reviews · 1 photo","","","5 years ago","","","","",""
"https://lh3.googleusercontent.com/a-/ALV-UjUQ_nYcpepxRMKw_UB-2kC47RCD3HQf4Kay50pXtB5vdUhw=w45-h45-p-rp-mo-ba4-br100","swapnil salve","Local Guide · 70 reviews · 117 photos","","","a year ago","","","","",""
"https://lh3.googleusercontent.com/a-/ALV-UjX-aXc2tY9B4lDa8RX8g3d5nxSyaq-9sH0TYXzfORRsx5LS=w45-h45-p-rp-mo-ba5-br100","BombayProperty com","Local Guide · 141 reviews · 446 photos","","","4 years ago","","","","",""
"https://lh3.googleusercontent.com/a-/ALV-UjX-pgsz3rcMlS1HW1pXPxFSyh2vjcNd35zQJT2Lz71WKw=w45-h45-p-rp-mo-ba3-br100","Preeti Pachpute","Local Guide · 52 reviews · 1 photo","","","4 years ago","","","","",""
"https://lh3.googleusercontent.com/a/ACg8ocKK98zmQBT_jKVIfnpWZQfc9KYERAEzqJrONkLWPUdX=w45-h45-p-rp-mo-br100","RADHAKRISHNA SAGVEKAR","","","","5 years ago","","","","",""
"https://lh3.googleusercontent.com/a-/ALV-UjVFzvqBbaNVBX4VCy1nEmEVO6DhlpVzUS1yxYNEuA3w5Dc=w45-h45-p-rp-mo-br100","Haridas Kakade","","","","5 years ago","","","","",""
"https://lh3.googleusercontent.com/a-/ALV-UjUQ1Ys9yiiPtIrwcfgZi_RBGlZGBOvaVmXBDjmOeubdGw=w45-h45-p-rp-mo-br100","Tanmay Kunder","2 reviews","","","5 years ago","","","","",""
"https://lh3.googleusercontent.com/a/ACg8ocLz9DG93W5lckVZkB_d_ApVHTZBDfIz3kKv_P-RZSxZ=w45-h45-p-rp-mo-br100","Suraj Varghese","12 reviews","","","a year ago","","","","",""
"https://lh3.googleusercontent.com/a/ACg8ocLayPwTSz76FavDvHa1v-Uy96OKWWoJ8OwXLTDcPe43=w45-h45-p-rp-mo-br100","Sameer Shaikh","","","","a year ago","","","","",""
"https://lh3.googleusercontent.com/a-/ALV-UjWPMzgsJwLY6zj8ozvBq44HBskH4D-p4N8RCnUf-wjwu2c=w45-h45-p-rp-mo-br100","ganga khamkar","1 review","","","a year ago","","","","",""
"https://lh3.googleusercontent.com/a-/ALV-UjUDwuUbfVC220Cof1YMAarGSiACETm1mXfQnLxc7RU6qwc=w45-h45-p-rp-mo-ba2-br100","Harshul Savla","Local Guide · 9 reviews · 8 photos","","","5 years ago","","","","",""
"https://lh3.googleusercontent.com/a/ACg8ocLiXrc9joX7VwhIu-QmqYfGlrgYwb8cQgVhoaRzLzNb=w45-h45-p-rp-mo-br100","Ayush Turkiya","1 review","","","6 years ago","","","","",""